wavelength,spectrum
280,3.32449E-09
281,5.95774E-06
282,0.000250621
283,0.002727596
284,0.141641084
285,2.185167185
286,41.38543343
287,620.7320718
288,11095.17959
289,122241.7509
290,1012905.034
291,7052929.706
292,39333914.92
293,162517847.5
294,634170895.2
295,2184293048
296,7237404122
297,16813584622
298,42016195815
299,82622074847
300,1.53119E+11
301,2.91509E+11
302,4.86196E+11
303,1.04802E+12
304,1.51796E+12
305,2.43211E+12
306,2.95197E+12
307,4.32851E+12
308,5.89604E+12
309,6.42431E+12
310,8.19186E+12
311,1.2302E+13
312,1.44685E+13
313,1.65226E+13
314,1.87594E+13
315,2.0602E+13
316,2.04289E+13
317,2.68729E+13
318,2.86775E+13
319,3.16164E+13
320,3.42108E+13
321,3.96875E+13
322,3.63281E+13
323,3.6116E+13
324,4.40112E+13
325,4.74581E+13
326,6.1053E+13
327,6.51475E+13
328,6.00249E+13
329,6.95184E+13
330,7.61216E+13
331,6.86088E+13
332,7.20314E+13
333,7.12013E+13
334,7.04909E+13
335,7.67694E+13
336,7.01946E+13
337,6.46814E+13
338,7.30781E+13
339,7.89225E+13
340,8.43297E+13
341,8.17899E+13
342,8.38794E+13
343,8.70151E+13
344,7.44619E+13
345,7.83667E+13
346,8.37725E+13
347,8.49312E+13
348,8.33814E+13
349,8.28309E+13
350,9.22246E+13
351,9.69028E+13
352,9.07151E+13
353,9.31039E+13
354,1.0628E+14
355,1.08009E+14
356,9.89996E+13
357,8.48194E+13
358,7.73122E+13
359,8.57009E+13
360,1.05047E+14
361,9.58042E+13
362,9.82095E+13
363,1.08069E+14
364,1.09557E+14
365,1.16009E+14
366,1.32761E+14
367,1.33078E+14
368,1.2497E+14
369,1.29301E+14
370,1.36353E+14
371,1.29769E+14
372,1.26563E+14
373,1.14048E+14
374,1.04287E+14
375,1.12113E+14
376,1.25701E+14
377,1.36277E+14
378,1.58413E+14
379,1.42101E+14
380,1.34398E+14
381,1.41796E+14
382,1.13485E+14
383,8.92625E+13
384,9.98313E+13
385,1.25804E+14
386,1.22538E+14
387,1.25776E+14
388,1.23856E+14
389,1.34744E+14
390,1.54466E+14
391,1.65238E+14
392,1.53236E+14
393,9.8711E+13
394,1.01589E+14
395,1.56496E+14
396,1.45187E+14
397,1.01214E+14
398,1.66595E+14
399,2.12781E+14
400,2.24131E+14
401,2.3377E+14
402,2.40673E+14
403,2.3671E+14
404,2.38568E+14
405,2.34319E+14
406,2.29025E+14
407,2.2703E+14
408,2.36825E+14
409,2.46407E+14
410,2.2432E+14
411,2.40634E+14
412,2.53915E+14
413,2.48298E+14
414,2.47076E+14
415,2.5472E+14
416,2.61874E+14
417,2.57259E+14
418,2.48938E+14
419,2.53222E+14
420,2.43262E+14
421,2.64492E+14
422,2.64855E+14
423,2.58566E+14
424,2.59177E+14
425,2.65134E+14
426,2.59328E+14
427,2.52687E+14
428,2.51394E+14
429,2.31802E+14
430,1.92374E+14
431,1.88214E+14
432,2.70099E+14
433,2.67674E+14
434,2.52462E+14
435,2.71646E+14
436,2.95851E+14
437,3.00102E+14
438,2.72142E+14
439,2.64757E+14
440,2.93308E+14
441,2.98134E+14
442,3.1382E+14
443,3.19266E+14
444,3.1552E+14
445,3.20988E+14
446,3.03197E+14
447,3.30301E+14
448,3.37802E+14
449,3.40532E+14
450,3.52894E+14
451,3.61903E+14
452,3.49061E+14
453,3.31886E+14
454,3.46323E+14
455,3.49661E+14
456,3.59033E+14
457,3.62119E+14
458,3.57439E+14
459,3.53601E+14
460,3.53793E+14
461,3.64999E+14
462,3.69568E+14
463,3.7095E+14
464,3.62705E+14
465,3.59393E+14
466,3.62803E+14
467,3.54184E+14
468,3.65243E+14
469,3.66319E+14
470,3.57346E+14
471,3.6403E+14
472,3.78161E+14
473,3.7093E+14
474,3.73205E+14
475,3.81759E+14
476,3.75378E+14
477,3.77967E+14
478,3.87176E+14
479,3.84673E+14
480,3.88192E+14
481,3.89909E+14
482,3.91932E+14
483,3.88492E+14
484,3.82905E+14
485,3.72106E+14
486,3.23972E+14
487,3.46995E+14
488,3.71645E+14
489,3.64719E+14
490,3.92274E+14
491,3.84737E+14
492,3.72216E+14
493,3.89715E+14
494,3.89263E+14
495,4.03125E+14
496,3.9271E+14
497,3.95377E+14
498,3.89596E+14
499,3.88809E+14
500,3.8613E+14
501,3.77135E+14
502,3.78519E+14
503,3.89079E+14
504,3.74639E+14
505,3.94755E+14
506,4.08265E+14
507,3.96318E+14
508,3.89433E+14
509,4.01082E+14
510,3.9738E+14
511,4.03944E+14
512,4.1053E+14
513,3.93911E+14
514,3.85628E+14
515,3.95123E+14
516,3.90373E+14
517,3.42686E+14
518,3.6778E+14
519,3.68817E+14
520,3.93727E+14
521,4.01692E+14
522,4.05746E+14
523,3.93696E+14
524,4.1455E+14
525,4.1402E+14
526,3.99923E+14
527,3.67873E+14
528,4.0244E+14
529,4.215E+14
530,4.15297E+14
531,4.29438E+14
532,4.22886E+14
533,3.90497E+14
534,4.08021E+14
535,4.18878E+14
536,4.30111E+14
537,4.09638E+14
538,4.20889E+14
539,4.14553E+14
540,4.01738E+14
541,3.92956E+14
542,4.17201E+14
543,4.17971E+14
544,4.26951E+14
545,4.22595E+14
546,4.18907E+14
547,4.21738E+14
548,4.1665E+14
549,4.26042E+14
550,4.26126E+14
551,4.25861E+14
552,4.32883E+14
553,4.25668E+14
554,4.31316E+14
555,4.34188E+14
556,4.27628E+14
557,4.20341E+14
558,4.24955E+14
559,4.09194E+14
560,4.16265E+14
561,4.34296E+14
562,4.23407E+14
563,4.33012E+14
564,4.29879E+14
565,4.2851E+14
566,4.13963E+14
567,4.32166E+14
568,4.31142E+14
569,4.24745E+14
570,4.22623E+14
571,4.15465E+14
572,4.3202E+14
573,4.3746E+14
574,4.34974E+14
575,4.26331E+14
576,4.24899E+14
577,4.32168E+14
578,4.24193E+14
579,4.28568E+14
580,4.36603E+14
581,4.39548E+14
582,4.47259E+14
583,4.51327E+14
584,4.52101E+14
585,4.49197E+14
586,4.41857E+14
587,4.46672E+14
588,4.3449E+14
589,3.92632E+14
590,4.07027E+14
591,4.29645E+14
592,4.27766E+14
593,4.31472E+14
594,4.30332E+14
595,4.29934E+14
596,4.39277E+14
597,4.41141E+14
598,4.39623E+14
599,4.40358E+14
600,4.42603E+14
601,4.38427E+14
602,4.34992E+14
603,4.4292E+14
604,4.51631E+14
605,4.5314E+14
606,4.51983E+14
607,4.54256E+14
608,4.5271E+14
609,4.50391E+14
610,4.48445E+14
611,4.49564E+14
612,4.54149E+14
613,4.49108E+14
614,4.39802E+14
615,4.50961E+14
616,4.43946E+14
617,4.40399E+14
618,4.52383E+14
619,4.57397E+14
620,4.58916E+14
621,4.59656E+14
622,4.46314E+14
623,4.4233E+14
624,4.42256E+14
625,4.40606E+14
626,4.42492E+14
627,4.49508E+14
628,4.34822E+14
629,4.43426E+14
630,4.4215E+14
631,4.44836E+14
632,4.37989E+14
633,4.56994E+14
634,4.54925E+14
635,4.58039E+14
636,4.5436E+14
637,4.66291E+14
638,4.71035E+14
639,4.68559E+14
640,4.61645E+14
641,4.61157E+14
642,4.62684E+14
643,4.67853E+14
644,4.67365E+14
645,4.68497E+14
646,4.59473E+14
647,4.55709E+14
648,4.5193E+14
649,4.42832E+14
650,4.47602E+14
651,4.65895E+14
652,4.5718E+14
653,4.66916E+14
654,4.62284E+14
655,4.40336E+14
656,3.98929E+14
657,4.13171E+14
658,4.51456E+14
659,4.60845E+14
660,4.64035E+14
661,4.62244E+14
662,4.60029E+14
663,4.60724E+14
664,4.65177E+14
665,4.73823E+14
666,4.75373E+14
667,4.7357E+14
668,4.75121E+14
669,4.82563E+14
670,4.79071E+14
671,4.75567E+14
672,4.71627E+14
673,4.76138E+14
674,4.74726E+14
675,4.73308E+14
676,4.7826E+14
677,4.77265E+14
678,4.77117E+14
679,4.75258E+14
680,4.75531E+14
681,4.7623E+14
682,4.765E+14
683,4.74192E+14
684,4.71876E+14
685,4.70842E+14
686,4.47587E+14
687,3.56431E+14
688,3.80963E+14
689,3.90832E+14
690,4.09191E+14
691,4.27166E+14
692,4.39969E+14
693,4.38862E+14
694,4.3513E+14
695,4.42313E+14
696,4.45138E+14
697,4.65503E+14
698,4.63098E+14
699,4.5453E+14
700,4.50338E+14
701,4.4525E+14
702,4.45444E+14
703,4.50057E+14
704,4.59995E+14
705,4.66855E+14
706,4.65742E+14
707,4.65512E+14
708,4.63944E+14
709,4.66829E+14
710,4.67934E+14
711,4.68146E+14
712,4.6567E+14
713,4.63634E+14
714,4.64733E+14
715,4.55492E+14
716,4.49374E+14
717,4.01304E+14
718,3.70302E+14
719,3.40885E+14
720,3.57659E+14
721,3.94611E+14
722,4.38611E+14
723,4.1512E+14
724,3.861E+14
725,3.81618E+14
726,3.92645E+14
727,3.93186E+14
728,3.82739E+14
729,3.85557E+14
730,4.08122E+14
731,3.99946E+14
732,4.21669E+14
733,4.3884E+14
734,4.5144E+14
735,4.47895E+14
736,4.44801E+14
737,4.45869E+14
738,4.50651E+14
739,4.4522E+14
740,4.52338E+14
741,4.51551E+14
742,4.53094E+14
743,4.62582E+14
744,4.67416E+14
745,4.68044E+14
746,4.65857E+14
747,4.66012E+14
748,4.66165E+14
749,4.63963E+14
750,4.6411E+14
751,4.64729E+14
752,4.64875E+14
753,4.63599E+14
754,4.68956E+14
755,4.67204E+14
756,4.64495E+14
757,4.6511E+14
758,4.66677E+14
759,4.12163E+14
760,1.40229E+14
761,8.97327E+13
762,2.22734E+14
763,1.67509E+14
764,2.0583E+14
765,2.62338E+14
766,3.14418E+14
767,3.73723E+14
768,4.22653E+14
769,4.34761E+14
770,4.47917E+14
771,4.53347E+14
772,4.54421E+14
773,4.55009E+14
774,4.55598E+14
775,4.56674E+14
776,4.59703E+14
777,4.57852E+14
778,4.57952E+14
779,4.58051E+14
780,4.55696E+14
781,4.55789E+14
782,4.56373E+14
783,4.56464E+14
784,4.54582E+14
785,4.5763E+14
786,4.57718E+14
787,4.51867E+14
788,4.47981E+14
789,4.43588E+14
790,4.35207E+14
791,4.36753E+14
792,4.34317E+14
793,4.31873E+14
794,4.34914E+14
795,4.34962E+14
796,4.30503E+14
797,4.37059E+14
798,4.43629E+14
799,4.38155E+14
800,4.32163E+14
801,4.34719E+14
802,4.34757E+14
803,4.30249E+14
804,4.34324E+14
805,4.2879E+14
806,4.3946E+14
807,4.3899E+14
808,4.37501E+14
809,4.28885E+14
810,4.27887E+14
811,4.26885E+14
812,4.17709E+14
813,4.08049E+14
814,3.74151E+14
815,3.63335E+14
816,3.44948E+14
817,3.46501E+14
818,3.43221E+14
819,3.6553E+14
820,3.63656E+14
821,4.01584E+14
822,3.80465E+14
823,3.05725E+14
824,3.74654E+14
825,3.97677E+14
826,3.91407E+14
827,3.98902E+14
828,3.64028E+14
829,3.81724E+14
830,3.82393E+14
831,3.83115E+14
832,3.78134E+14
833,3.95352E+14
834,3.9546E+14
835,4.1489E+14
836,4.11655E+14
837,4.22464E+14
838,4.20755E+14
839,4.21785E+14
840,4.26197E+14
841,4.26492E+14
842,4.22234E+14
843,4.22894E+14
844,4.19734E+14
845,4.28468E+14
846,4.31954E+14
847,4.2309E+14
848,4.21616E+14
849,4.15279E+14
850,3.90271E+14
851,4.11548E+14
852,4.14497E+14
853,4.07044E+14
854,3.74116E+14
855,3.91384E+14
856,4.15527E+14
857,4.2539E+14
858,4.26912E+14
859,4.27194E+14
860,4.26339E+14
861,4.26726E+14
862,4.30095E+14
863,4.31788E+14
864,4.24573E+14
865,4.12498E+14
866,3.78774E+14
867,3.96986E+14
868,4.14638E+14
869,4.15499E+14
870,4.20627E+14
871,4.18208E+14
872,4.21649E+14
873,4.18674E+14
874,4.12558E+14
875,4.08958E+14
876,4.17413E+14
877,4.20151E+14
878,4.18918E+14
879,4.14089E+14
880,4.12955E+14
881,4.04615E+14
882,4.11176E+14
883,4.12142E+14
884,4.14109E+14
885,4.16693E+14
886,4.0563E+14
887,4.05697E+14
888,4.11013E+14
889,4.15557E+14
890,4.13114E+14
891,4.12682E+14
892,4.05572E+14
893,3.92043E+14
894,3.80957E+14
895,3.64441E+14
896,3.40056E+14
897,3.07999E+14
898,3.10997E+14
899,2.67867E+14
900,3.16104E+14
901,2.82969E+14
902,2.99563E+14
903,3.19714E+14
904,3.72597E+14
905,3.70221E+14
906,3.46985E+14
907,2.9917E+14
908,2.99157E+14
909,3.13549E+14
910,2.92205E+14
911,3.03984E+14
912,3.10569E+14
913,2.91331E+14
914,2.90443E+14
915,3.02441E+14
916,2.79615E+14
917,3.19134E+14
918,2.89289E+14
919,3.32603E+14
920,3.4523E+14
921,3.53772E+14
922,3.31021E+14
923,3.41016E+14
924,3.35051E+14
925,3.30062E+14
926,3.31933E+14
927,3.49722E+14
928,2.83803E+14
929,2.52327E+14
930,2.07272E+14
931,1.86125E+14
932,1.43949E+14
933,1.133E+14
934,7.96474E+13
935,1.06075E+14
936,8.11718E+13
937,7.89015E+13
938,1.03879E+14
939,1.80579E+14
940,2.12161E+14
941,1.83449E+14
942,1.82045E+14
943,1.39777E+14
944,1.39807E+14
945,1.59329E+14
946,1.13094E+14
947,1.60023E+14
948,1.49103E+14
949,2.016E+14
950,1.10943E+14
951,1.97779E+14
952,1.45661E+14
953,1.64753E+14
954,1.93243E+14
955,1.67561E+14
956,1.5463E+14
957,1.44861E+14
958,2.05018E+14
959,1.87984E+14
960,2.02065E+14
961,2.18775E+14
962,2.18397E+14
963,2.37519E+14
964,2.27217E+14
965,2.40925E+14
966,2.43544E+14
967,2.52797E+14
968,3.0955E+14
969,3.28273E+14
970,3.16839E+14
971,3.41408E+14
972,3.32101E+14
973,2.99217E+14
974,2.84028E+14
975,2.86465E+14
976,2.85102E+14
977,3.07513E+14
978,3.04507E+14
979,3.09805E+14
980,3.05992E+14
981,3.4295E+14
982,3.40767E+14
983,3.35489E+14
984,3.56622E+14
985,3.46888E+14
986,3.66896E+14
987,3.66462E+14
988,3.65466E+14
989,3.69754E+14
990,3.65957E+14
991,3.72995E+14
992,3.73059E+14
993,3.69126E+14
994,3.74874E+14
995,3.75376E+14
996,3.73937E+14
997,3.70676E+14
998,3.70044E+14
999,3.69786E+14
1000,3.69527E+14
1001,3.721E+14
1002,3.67368E+14
1003,3.68302E+14
1004,3.62292E+14
1005,3.4837E+14
1006,3.58775E+14
1007,3.66415E+14
1008,3.67222E+14
1009,3.64858E+14
1010,3.64648E+14
1011,3.66217E+14
1012,3.65243E+14
1013,3.65158E+14
1014,3.65773E+14
1015,3.61538E+14
1016,3.61703E+14
1017,3.59884E+14
1018,3.62351E+14
1019,3.5444E+14
1020,3.57225E+14
1021,3.58603E+14
1022,3.54841E+14
1023,3.56089E+14
1024,3.55664E+14
1025,3.58332E+14
1026,3.58165E+14
1027,3.57287E+14
1028,3.57312E+14
1029,3.54942E+14
1030,3.56452E+14
1031,3.55631E+14
1032,3.55327E+14
1033,3.51319E+14
1034,3.5257E+14
1035,3.53952E+14
1036,3.53968E+14
1037,3.51375E+14
1038,3.50343E+14
1039,3.51792E+14
1040,3.50822E+14
1041,3.50898E+14
1042,3.50776E+14
1043,3.48555E+14
1044,3.49414E+14
1045,3.4758E+14
1046,3.41269E+14
1047,3.44755E+14
1048,3.47853E+14
1049,3.46733E+14
1050,3.45215E+14
1051,3.45015E+14
1052,3.43623E+14
1053,3.42758E+14
1054,3.42288E+14
1055,3.43144E+14
1056,3.42672E+14
1057,3.416E+14
1058,3.37732E+14
1059,3.31125E+14
1060,3.35971E+14
1061,3.32217E+14
1062,3.35669E+14
1063,3.33378E+14
1064,3.36435E+14
1065,3.35345E+14
1066,3.309E+14
1067,3.31949E+14
1068,3.29909E+14
1069,3.1805E+14
1070,3.24202E+14
1071,3.30499E+14
1072,3.30403E+14
1073,3.27E+14
1074,3.3183E+14
1075,3.2308E+14
1076,3.29674E+14
1077,3.27339E+14
1078,3.26626E+14
1079,3.26793E+14
1080,3.23157E+14
1081,3.16658E+14
1082,3.20013E+14
1083,3.22896E+14
1084,3.16991E+14
1085,3.19467E+14
1086,3.05624E+14
1087,3.09939E+14
1088,3.20829E+14
1089,3.15919E+14
1090,3.0771E+14
1091,3.1945E+14
1092,3.14249E+14
1093,2.86767E+14
1094,2.92809E+14
1095,2.86052E+14
1096,2.83143E+14
1097,3.08099E+14
1098,2.82762E+14
1099,2.77974E+14
1100,2.70203E+14
1101,2.71972E+14
1102,2.612E+14
1103,2.58315E+14
1104,2.61465E+14
1105,2.70528E+14
1106,2.34326E+14
1107,2.5779E+14
1108,2.35377E+14
1109,2.34613E+14
1110,2.52067E+14
1111,2.00941E+14
1112,2.14758E+14
1113,1.62316E+14
1114,1.61901E+14
1115,1.39819E+14
1116,1.07688E+14
1117,6.28275E+13
1118,1.05069E+14
1119,7.29749E+13
1120,8.09992E+13
1121,9.40007E+13
1122,5.65467E+13
1123,6.76142E+13
1124,6.50308E+13
1125,7.2404E+13
1126,4.31525E+13
1127,7.7416E+13
1128,6.07506E+13
1129,5.71764E+13
1130,5.85132E+13
1131,1.47472E+14
1132,1.31414E+14
1133,8.49747E+13
1134,2.98095E+13
1135,1.87009E+13
1136,7.64697E+13
1137,1.46796E+14
1138,1.29034E+14
1139,1.60879E+14
1140,1.44889E+14
1141,1.17462E+14
1142,1.32719E+14
1143,1.58353E+14
1144,8.16557E+13
1145,8.25192E+13
1146,8.26633E+13
1147,5.63351E+13
1148,1.36954E+14
1149,1.22766E+14
1150,8.29519E+13
1151,1.148E+14
1152,1.39242E+14
1153,1.31314E+14
1154,1.01674E+14
1155,1.66625E+14
1156,1.67642E+14
1157,1.80083E+14
1158,1.83225E+14
1159,1.90453E+14
1160,1.75006E+14
1161,1.98375E+14
1162,2.12503E+14
1163,2.59787E+14
1164,2.38709E+14
1165,2.27338E+14
1166,2.22987E+14
1167,2.38223E+14
1168,2.45259E+14
1169,2.50468E+14
1170,2.65692E+14
1171,2.64593E+14
1172,2.67252E+14
1173,2.5966E+14
1174,2.15731E+14
1175,2.59881E+14
1176,2.78961E+14
1177,2.70908E+14
1178,2.30171E+14
1179,2.73593E+14
1180,2.6492E+14
1181,2.58832E+14
1182,2.09842E+14
1183,2.50194E+14
1184,2.49958E+14
1185,2.48232E+14
1186,2.77157E+14
1187,2.63804E+14
1188,2.14643E+14
1189,2.4563E+14
1190,2.71356E+14
1191,2.69861E+14
1192,2.79608E+14
1193,2.74441E+14
1194,2.7835E+14
1195,2.68588E+14
1196,2.63398E+14
1197,2.79953E+14
1198,2.59017E+14
1199,2.31032E+14
1200,2.62769E+14
1201,2.64272E+14
1202,2.63434E+14
1203,2.56844E+14
1204,2.298E+14
1205,2.6197E+14
1206,2.8403E+14
1207,2.64606E+14
1208,2.60875E+14
1209,2.55616E+14
1210,2.69829E+14
1211,2.59086E+14
1212,2.61662E+14
1213,2.79576E+14
1214,2.66675E+14
1215,2.64373E+14
1216,2.80726E+14
1217,2.7912E+14
1218,2.7935E+14
1219,2.74826E+14
1220,2.80115E+14
1221,2.83416E+14
1222,2.77193E+14
1223,2.7342E+14
1224,2.7603E+14
1225,2.83497E+14
1226,2.84885E+14
1227,2.71923E+14
1228,2.84809E+14
1229,2.87514E+14
1230,2.85505E+14
1231,2.90305E+14
1232,2.87751E+14
1233,2.83177E+14
1234,2.89538E+14
1235,2.88996E+14
1236,2.9024E+14
1237,2.88375E+14
1238,2.90009E+14
1239,2.87672E+14
1240,2.86657E+14
1241,2.87668E+14
1242,2.87666E+14
1243,2.85396E+14
1244,2.84374E+14
1245,2.85151E+14
1246,2.86712E+14
1247,2.86314E+14
1248,2.86936E+14
1249,2.87559E+14
1250,2.86532E+14
1251,2.84165E+14
1252,2.83211E+14
1253,2.81152E+14
1254,2.7972E+14
1255,2.82153E+14
1256,2.77797E+14
1257,2.75646E+14
1258,2.78793E+14
1259,2.71572E+14
1260,2.70678E+14
1261,2.60505E+14
1262,2.52299E+14
1263,2.5091E+14
1264,2.39583E+14
1265,2.48523E+14
1266,2.45694E+14
1267,2.45012E+14
1268,2.27024E+14
1269,1.78043E+14
1270,2.37126E+14
1271,2.58654E+14
1272,2.60777E+14
1273,2.59621E+14
1274,2.60066E+14
1275,2.63557E+14
1276,2.66893E+14
1277,2.69512E+14
1278,2.73098E+14
1279,2.72266E+14
1280,2.70547E+14
1281,2.63025E+14
1282,2.45897E+14
1283,2.6045E+14
1284,2.70424E+14
1285,2.73463E+14
1286,2.7497E+14
1287,2.72836E+14
1288,2.7078E+14
1289,2.65803E+14
1290,2.67469E+14
1291,2.68651E+14
1292,2.5984E+14
1293,2.65408E+14
1294,2.6309E+14
1295,2.61828E+14
1296,2.5282E+14
1297,2.44614E+14
1298,2.54924E+14
1299,2.60186E+14
1300,2.35451E+14
1301,2.38005E+14
1302,2.49897E+14
1303,2.26243E+14
1304,2.0731E+14
1305,2.44646E+14
1306,2.45244E+14
1307,2.10335E+14
1308,2.27358E+14
1309,2.4235E+14
1310,2.07275E+14
1311,2.16832E+14
1312,2.17657E+14
1313,2.06263E+14
1314,1.92207E+14
1315,1.9194E+14
1316,2.09714E+14
1317,2.08797E+14
1318,2.13099E+14
1319,1.82321E+14
1320,1.75487E+14
1321,1.94976E+14
1322,1.94209E+14
1323,1.62657E+14
1324,1.76934E+14
1325,2.05649E+14
1326,1.89043E+14
1327,1.76083E+14
1328,1.54252E+14
1329,1.27456E+14
1330,1.41771E+14
1331,1.03625E+14
1332,1.01944E+14
1333,1.28426E+14
1334,1.21476E+14
1335,1.45914E+14
1336,1.25439E+14
1337,1.13089E+14
1338,1.18474E+14
1339,1.18057E+14
1340,1.14101E+14
1341,1.15198E+14
1342,1.15199E+14
1343,8.57587E+13
1344,5.81842E+13
1345,6.66013E+13
1346,4.37539E+13
1347,3.57559E+13
1348,8.83329E+12
1349,9.95119E+12
1350,9.90762E+12
1351,3.83175E+12
1352,1.16483E+12
1353,2.04209E+11
1354,1.61785E+11
1355,25563800000
1356,8527555008
1357,51203064960
1358,8540132992
1359,0
1360,0
1361,0
1362,0
1363,0
1364,0
1365,0
1366,0
1367,0
1368,0
1369,0
1370,0
1371,0
1372,0
1373,17268928000
1374,1.29611E+11
1375,1.98882E+11
1376,1.90373E+11
1377,1.73192E+11
1378,5.89282E+11
1379,1.561E+11
1380,60749398016
1381,8684774976
1382,0
1383,0
1384,0
1385,0
1386,17432435968
1387,1.0467E+11
1388,69830364992
1389,3.58138E+11
1390,3.40914E+11
1391,2.01196E+11
1392,35015801984
1393,61321676032
1394,61365696000
1395,8772816960
1396,0
1397,1.1421E+11
1398,7.56085E+11
1399,5.36676E+11
1400,70434084992
1401,1.5859E+11
1402,1.16382E+12
1403,1.49111E+12
1404,5.82741E+11
1405,2.38564E+11
1406,1.07872E+12
1407,4.24718E+11
1408,9.20875E+11
1409,5.05069E+11
1410,5.05427E+11
1411,1.39313E+12
1412,3.64069E+12
1413,1.26892E+13
1414,2.30311E+12
1415,3.30138E+12
1416,2.00271E+13
1417,1.06221E+13
1418,8.45375E+12
1419,3.06085E+12
1420,5.39374E+12
1421,9.74059E+12
1422,2.64254E+13
1423,1.05866E+13
1424,1.22149E+13
1425,1.78692E+13
1426,2.16482E+13
1427,2.94888E+13
1428,1.02645E+13
1429,2.63578E+13
1430,4.10347E+13
1431,3.27481E+13
1432,9.06854E+12
1433,2.1412E+13
1434,1.6458E+13
1435,1.69207E+13
1436,2.5322E+13
1437,2.0803E+13
1438,1.44601E+13
1439,3.24063E+13
1440,2.89424E+13
1441,2.40961E+13
1442,2.66429E+13
1443,3.33222E+13
1444,4.21448E+13
1445,3.47315E+13
1446,2.03423E+13
1447,3.2268E+13
1448,7.54078E+13
1449,6.87349E+13
1450,2.52588E+13
1451,1.42989E+13
1452,4.25609E+13
1453,6.29944E+13
1454,8.86679E+13
1455,5.68498E+13
1456,6.5267E+13
1457,8.48743E+13
1458,1.00492E+14
1459,1.1003E+14
1460,7.01657E+13
1461,6.93868E+13
1462,8.39519E+13
1463,4.96456E+13
1464,9.59527E+13
1465,7.13641E+13
1466,4.78483E+13
1467,3.29446E+13
1468,5.45328E+13
1469,6.40945E+13
1470,3.78469E+13
1471,1.87698E+13
1472,3.40104E+13
1473,5.22174E+13
1474,7.75497E+13
1475,1.17776E+14
1476,6.1736E+13
1477,5.09845E+13
1478,5.29152E+13
1479,7.84824E+13
1480,5.5658E+13
1481,7.53288E+13
1482,5.71126E+13
1483,1.01031E+14
1484,1.02191E+14
1485,9.43219E+13
1486,8.63019E+13
1487,5.42287E+13
1488,7.60685E+13
1489,1.31273E+14
1490,1.33995E+14
1491,1.42523E+14
1492,1.27794E+14
1493,1.36424E+14
1494,1.48541E+14
1495,1.37547E+14
1496,1.33405E+14
1497,1.62396E+14
1498,1.48751E+14
1499,1.64121E+14
1500,1.86965E+14
1501,1.95679E+14
1502,1.74462E+14
1503,1.41496E+14
1504,1.25606E+14
1505,1.43956E+14
1506,1.87523E+14
1507,1.91723E+14
1508,1.79427E+14
1509,1.54493E+14
1510,1.96568E+14
1511,2.00879E+14
1512,1.96448E+14
1513,1.84303E+14
1514,1.76808E+14
1515,1.97314E+14
1516,1.95442E+14
1517,1.90896E+14
1518,1.90831E+14
1519,1.89046E+14
1520,2.00928E+14
1521,2.0766E+14
1522,2.03968E+14
1523,2.1186E+14
1524,2.09604E+14
1525,2.00438E+14
1526,2.03545E+14
1527,2.02814E+14
1528,2.12076E+14
1529,2.08272E+14
1530,1.99267E+14
1531,2.06715E+14
1532,2.13209E+14
1533,2.12287E+14
1534,2.0741E+14
1535,2.06386E+14
1536,2.10868E+14
1537,2.11005E+14
1538,2.09981E+14
1539,2.09731E+14
1540,2.05703E+14
1541,2.07484E+14
1542,2.08782E+14
1543,2.10179E+14
1544,2.10995E+14
1545,2.13852E+14
1546,2.13115E+14
1547,2.11308E+14
1548,2.08426E+14
1549,2.11678E+14
1550,2.10255E+14
1551,2.10683E+14
1552,2.11502E+14
1553,2.11053E+14
1554,2.07377E+14
1555,2.08098E+14
1556,2.06372E+14
1557,2.10519E+14
1558,2.10165E+14
1559,2.09319E+14
1560,2.0857E+14
1561,2.10667E+14
1562,2.09918E+14
1563,2.08873E+14
1564,2.0704E+14
1565,2.09239E+14
1566,2.06911E+14
1567,2.06057E+14
1568,2.02935E+14
1569,1.99512E+14
1570,1.90951E+14
1571,1.85935E+14
1572,1.86745E+14
1573,1.85578E+14
1574,1.89853E+14
1575,1.90271E+14
1576,1.91284E+14
1577,1.75637E+14
1578,1.84679E+14
1579,1.88173E+14
1580,1.93558E+14
1581,1.96166E+14
1582,1.93106E+14
1583,1.96215E+14
1584,1.98531E+14
1585,2.04437E+14
1586,2.03469E+14
1587,2.01302E+14
1588,1.98133E+14
1589,1.88165E+14
1590,1.91883E+14
1591,1.94005E+14
1592,2.01335E+14
1593,2.0597E+14
1594,2.05698E+14
1595,2.05426E+14
1596,1.97525E+14
1597,1.98252E+14
1598,2.02094E+14
1599,1.94779E+14
1600,1.8977E+14
1601,1.81129E+14
1602,1.80335E+14
1603,1.80448E+14
1604,1.84293E+14
1605,1.90262E+14
1606,1.93309E+14
1607,1.88174E+14
1608,1.85359E+14
1609,1.82944E+14
1610,1.77692E+14
1611,1.82665E+14
1612,1.86834E+14
1613,1.91717E+14
1614,1.93359E+14
1615,1.93783E+14
1616,1.88415E+14
1617,1.90871E+14
1618,1.96585E+14
1619,1.95179E+14
1620,1.91327E+14
1621,1.91139E+14
1622,1.93603E+14
1623,1.9709E+14
1624,1.97212E+14
1625,1.94472E+14
1626,1.9541E+14
1627,1.96451E+14
1628,1.97288E+14
1629,1.97E+14
1630,1.94148E+14
1631,1.94472E+14
1632,1.94694E+14
1633,1.91219E+14
1634,1.90822E+14
1635,1.91762E+14
1636,1.9229E+14
1637,1.86334E+14
1638,1.81297E+14
1639,1.8079E+14
1640,1.78321E+14
1641,1.80494E+14
1642,1.8112E+14
1643,1.79061E+14
1644,1.83099E+14
1645,1.80831E+14
1646,1.80837E+14
1647,1.85919E+14
1648,1.80435E+14
1649,1.81374E+14
1650,1.84286E+14
1651,1.76091E+14
1652,1.83678E+14
1653,1.83997E+14
1654,1.80364E+14
1655,1.83907E+14
1656,1.83706E+14
1657,1.85068E+14
1658,1.86326E+14
1659,1.84978E+14
1660,1.86029E+14
1661,1.85828E+14
1662,1.83222E+14
1663,1.8511E+14
1664,1.83443E+14
1665,1.74234E+14
1666,1.56004E+14
1667,1.73185E+14
1668,1.79268E+14
1669,1.81055E+14
1670,1.84734E+14
1671,1.82848E+14
1672,1.78752E+14
1673,1.81173E+14
1674,1.80966E+14
1675,1.79494E+14
1676,1.78231E+14
1677,1.78442E+14
1678,1.77072E+14
1679,1.78022E+14
1680,1.72845E+14
1681,1.66182E+14
1682,1.71464E+14
1683,1.75059E+14
1684,1.69868E+14
1685,1.78552E+14
1686,1.7781E+14
1687,1.74414E+14
1688,1.77384E+14
1689,1.76002E+14
1690,1.73236E+14
1691,1.66958E+14
1692,1.75144E+14
1693,1.78548E+14
1694,1.75138E+14
1695,1.77693E+14
1696,1.75345E+14
1697,1.60294E+14
1698,1.73843E+14
1699,1.748E+14
1700,1.71054E+14
1701,1.72011E+14
1702,1.73396E+14
1703,1.72213E+14
1704,1.70599E+14
1705,1.68984E+14
1706,1.67366E+14
1707,1.65747E+14
1708,1.64126E+14
1709,1.62502E+14
1710,1.61135E+14
1711,1.61315E+14
1712,1.61754E+14
1713,1.62193E+14
1714,1.62633E+14
1715,1.62965E+14
1716,1.6265E+14
1717,1.62226E+14
1718,1.61802E+14
1719,1.61377E+14
1720,1.60844E+14
1721,1.5966E+14
1722,1.58367E+14
1723,1.57072E+14
1724,1.55775E+14
1725,1.54564E+14
1726,1.53872E+14
1727,1.53266E+14
1728,1.52659E+14
1729,1.52052E+14
1730,1.51248E+14
1731,1.49267E+14
1732,1.47087E+14
1733,1.44905E+14
1734,1.42721E+14
1735,1.4097E+14
1736,1.41837E+14
1737,1.43142E+14
1738,1.44449E+14
1739,1.45757E+14
1740,1.46607E+14
1741,1.44698E+14
1742,1.42328E+14
1743,1.39954E+14
1744,1.37577E+14
1745,1.35747E+14
1746,1.37208E+14
1747,1.3922E+14
1748,1.41235E+14
1749,1.43251E+14
1750,1.44764E+14
1751,1.43239E+14
1752,1.41205E+14
1753,1.39169E+14
1754,1.37131E+14
1755,1.35509E+14
1756,1.36404E+14
1757,1.37719E+14
1758,1.39036E+14
1759,1.40354E+14
1760,1.4092E+14
1761,1.36969E+14
1762,1.3226E+14
1763,1.27546E+14
1764,1.22826E+14
1765,1.18877E+14
1766,1.19589E+14
1767,1.21079E+14
1768,1.22571E+14
1769,1.24064E+14
1770,1.24802E+14
1771,1.20997E+14
1772,1.16429E+14
1773,1.11856E+14
1774,1.07279E+14
1775,1.02941E+14
1776,1.00073E+14
1777,9.74471E+13
1778,9.48184E+13
1779,9.21866E+13
1780,8.93683E+13
1781,8.54447E+13
1782,8.13328E+13
1783,7.72162E+13
1784,7.3095E+13
1785,6.97548E+13
1786,7.11282E+13
1787,7.32898E+13
1788,7.54537E+13
1789,7.76201E+13
1790,7.8582E+13
1791,7.23005E+13
1792,6.48039E+13
1793,5.72988E+13
1794,4.97853E+13
1795,4.28663E+13
1796,3.95582E+13
1797,3.685E+13
1798,3.41387E+13
1799,3.14243E+13
1800,2.86662E+13
1801,2.56603E+13
1802,2.26103E+13
1803,1.95569E+13
1804,1.65E+13
1805,1.37077E+13
1806,1.25205E+13
1807,1.16002E+13
1808,1.06788E+13
1809,9.75637E+12
1810,8.80334E+12
1811,7.67159E+12
1812,6.50895E+12
1813,5.34503E+12
1814,4.17982E+12
1815,3.10692E+12
1816,2.59471E+12
1817,2.17564E+12
1818,1.7561E+12
1819,1.3361E+12
1820,9.7516E+11
1821,9.71115E+11
1822,1.02665E+12
1823,1.08224E+12
1824,1.13789E+12
1825,1.15688E+12
1826,9.55408E+11
1827,7.16949E+11
1828,4.78227E+11
1829,2.39244E+11
1830,29921907968
1831,0
1832,0
1833,0
1834,0
1835,0
1836,0
1837,0
1838,0
1839,0
1840,0
1841,0
1842,0
1843,0
1844,0
1845,0
1846,0
1847,0
1848,0
1849,0
1850,0
1851,0
1852,0
1853,0
1854,0
1855,0
1856,0
1857,0
1858,0
1859,0
1860,0
1861,0
1862,0
1863,0
1864,0
1865,0
1866,0
1867,0
1868,0
1869,0
1870,0
1871,0
1872,0
1873,0
1874,0
1875,2358285056
1876,18876333952
1877,37772794048
1878,56689376960
1879,75626083008
1880,89853769024
1881,75706579968
1882,56810121024
1883,37893536960
1884,18956831040
1885,7112585024
1886,37953909952
1887,75948068032
1888,1.13982E+11
1889,1.52057E+11
1890,1.83041E+11
1891,1.71245E+11
1892,1.52299E+11
1893,1.33332E+11
1894,1.14345E+11
1895,95337564992
1896,76310300992
1897,57262910976
1898,38195398016
1899,19107761024
1900,2389728000
1901,0
1902,0
1903,0
1904,0
1905,0
1906,0
1907,0
1908,0
1909,0
1910,0
1911,0
1912,0
1913,0
1914,0
1915,9634376960
1916,77115261056
1917,1.54311E+11
1918,2.31587E+11
1919,3.08944E+11
1920,3.88796E+11
1921,4.83228E+11
1922,5.80176E+11
1923,6.77224E+11
1924,7.74372E+11
1925,8.52252E+11
1926,8.13936E+11
1927,7.5619E+11
1928,6.98384E+11
1929,6.40518E+11
1930,6.62697E+11
1931,1.16578E+12
1932,1.74958E+12
1933,2.33398E+12
1934,2.91899E+12
1935,3.42429E+12
1936,3.44797E+12
1937,3.39128E+12
1938,3.33453E+12
1939,3.27772E+12
1940,3.41117E+12
1941,4.68729E+12
1942,6.15523E+12
1943,7.62469E+12
1944,9.09566E+12
1945,1.0529E+13
1946,1.17288E+13
1947,1.28907E+13
1948,1.40538E+13
1949,1.5218E+13
1950,1.60744E+13
1951,1.50766E+13
1952,1.37684E+13
1953,1.24588E+13
1954,1.11479E+13
1955,1.02905E+13
1956,1.2163E+13
1957,1.44928E+13
1958,1.6825E+13
1959,1.91596E+13
1960,2.13708E+13
1961,2.28295E+13
1962,2.41638E+13
1963,2.54995E+13
1964,2.68365E+13
1965,2.85085E+13
1966,3.21852E+13
1967,3.61995E+13
1968,4.02179E+13
1969,4.42404E+13
1970,4.82372E+13
1971,5.20596E+13
1972,5.5856E+13
1973,5.96563E+13
1974,6.34604E+13
1975,6.69851E+13
1976,6.88135E+13
1977,7.03601E+13
1978,7.19083E+13
1979,7.3458E+13
1980,7.50068E+13
1981,7.65421E+13
1982,7.80765E+13
1983,7.96124E+13
1984,8.11497E+13
1985,8.25663E+13
1986,8.32498E+13
1987,8.38116E+13
1988,8.43738E+13
1989,8.49366E+13
1990,8.53247E+13
1991,8.46614E+13
1992,8.3822E+13
1993,8.29818E+13
1994,8.21406E+13
1995,8.033E+13
1996,7.27033E+13
1997,6.40993E+13
1998,5.54868E+13
1999,4.68655E+13
2000,3.87387E+13
2001,3.36239E+13
2002,2.90076E+13
2003,2.43866E+13
2004,1.9761E+13
2005,1.63311E+13
2006,2.01037E+13
2007,2.50815E+13
2008,3.00643E+13
2009,3.50521E+13
2010,3.90942E+13
2011,3.74342E+13
2012,3.4821E+13
2013,3.22052E+13
2014,2.95867E+13
2015,2.77589E+13
2016,3.06912E+13
2017,3.44205E+13
2018,3.81534E+13
2019,4.18899E+13
2020,4.58995E+13
2021,5.15297E+13
2022,5.7435E+13
2023,6.33462E+13
2024,6.92631E+13
2025,7.47249E+13
2026,7.74246E+13
2027,7.96656E+13
2028,8.19087E+13
2029,8.4154E+13
2030,8.64194E+13
2031,8.87942E+13
2032,9.11892E+13
2033,9.35865E+13
2034,9.59862E+13
2035,9.79248E+13
2036,9.70844E+13
2037,9.57793E+13
2038,9.44729E+13
2039,9.31652E+13
2040,9.20588E+13
2041,9.21681E+13
2042,9.24804E+13
2043,9.27929E+13
2044,9.31057E+13
2045,9.27911E+13
2046,8.87089E+13
2047,8.39943E+13
2048,7.92751E+13
2049,7.45513E+13
2050,7.00832E+13
2051,6.7174E+13
2052,6.45227E+13
2053,6.18686E+13
2054,5.9212E+13
2055,5.72584E+13
2056,5.95386E+13
2057,6.25273E+13
2058,6.55189E+13
2059,6.85134E+13
2060,7.09511E+13
2061,7.00316E+13
2062,6.8551E+13
2063,6.70689E+13
2064,6.55853E+13
2065,6.43886E+13
2066,6.49213E+13
2067,6.5743E+13
2068,6.65656E+13
2069,6.73888E+13
2070,6.84186E+13
2071,7.06839E+13
2072,7.31573E+13
2073,7.56331E+13
2074,7.81112E+13
2075,8.05317E+13
2076,8.25941E+13
2077,8.45983E+13
2078,8.66045E+13
2079,8.86126E+13
2080,9.03321E+13
2081,9.03101E+13
2082,8.99974E+13
2083,8.96843E+13
2084,8.93709E+13
2085,8.9204E+13
2086,8.99184E+13
2087,9.07805E+13
2088,9.16434E+13
2089,9.2507E+13
2090,9.32873E+13
2091,9.35634E+13
2092,9.37555E+13
2093,9.39477E+13
2094,9.41401E+13
2095,9.42193E+13
2096,9.36184E+13
2097,9.29035E+13
2098,9.21878E+13
2099,9.14714E+13
2100,9.10343E+13
2101,9.22774E+13
2102,9.38018E+13
2103,9.53277E+13
2104,9.68549E+13
2105,9.81056E+13
2106,9.76887E+13
2107,9.6993E+13
2108,9.62967E+13
2109,9.55996E+13
2110,9.50478E+13
2111,9.53717E+13
2112,9.58419E+13
2113,9.63125E+13
2114,9.67835E+13
2115,9.70926E+13
2116,9.64279E+13
2117,9.56001E+13
2118,9.47715E+13
2119,9.39421E+13
2120,9.32505E+13
2121,9.33905E+13
2122,9.36694E+13
2123,9.39485E+13
2124,9.42279E+13
2125,9.45074E+13
2126,9.47872E+13
2127,9.50672E+13
2128,9.53475E+13
2129,9.56279E+13
2130,9.58872E+13
2131,9.60179E+13
2132,9.61274E+13
2133,9.62368E+13
2134,9.63464E+13
2135,9.64667E+13
2136,9.66516E+13
2137,9.68474E+13
2138,9.70433E+13
2139,9.72393E+13
2140,9.73817E+13
2141,9.7201E+13
2142,9.69662E+13
2143,9.67311E+13
2144,9.64958E+13
2145,9.61658E+13
2146,9.52687E+13
2147,9.42761E+13
2148,9.32826E+13
2149,9.22881E+13
2150,9.14278E+13
2151,9.13784E+13
2152,9.14642E+13
2153,9.155E+13
2154,9.16359E+13
2155,9.16974E+13
2156,9.16125E+13
2157,9.15031E+13
2158,9.13935E+13
2159,9.12838E+13
2160,9.0981E+13
2161,8.95201E+13
2162,8.78647E+13
2163,8.62077E+13
2164,8.45492E+13
2165,8.32567E+13
2166,8.41697E+13
2167,8.54514E+13
2168,8.67342E+13
2169,8.80182E+13
2170,8.91041E+13
2171,8.8995E+13
2172,8.86863E+13
2173,8.83773E+13
2174,8.8068E+13
2175,8.78404E+13
2176,8.81052E+13
2177,8.84524E+13
2178,8.87998E+13
2179,8.91476E+13
2180,8.9257E+13
2181,8.79346E+13
2182,8.63722E+13
2183,8.48083E+13
2184,8.32429E+13
2185,8.20004E+13
2186,8.27033E+13
2187,8.37314E+13
2188,8.47604E+13
2189,8.57903E+13
2190,8.66971E+13
2191,8.68607E+13
2192,8.69004E+13
2193,8.694E+13
2194,8.69797E+13
2195,8.6804E+13
2196,8.53354E+13
2197,8.365E+13
2198,8.1963E+13
2199,8.02745E+13
2200,7.88776E+13
2201,7.92401E+13
2202,7.98965E+13
2203,8.05535E+13
2204,8.1211E+13
2205,8.19384E+13
2206,8.30826E+13
2207,8.42972E+13
2208,8.55129E+13
2209,8.67297E+13
2210,8.77168E+13
2211,8.73199E+13
2212,8.66917E+13
2213,8.60629E+13
2214,8.54334E+13
2215,8.4926E+13
2216,8.51538E+13
2217,8.55046E+13
2218,8.58556E+13
2219,8.62069E+13
2220,8.64551E+13
2221,8.60835E+13
2222,8.5608E+13
2223,8.5132E+13
2224,8.46557E+13
2225,8.42544E+13
2226,8.43062E+13
2227,8.44337E+13
2228,8.45613E+13
2229,8.4689E+13
2230,8.47634E+13
2231,8.4518E+13
2232,8.4219E+13
2233,8.39197E+13
2234,8.36202E+13
2235,8.33287E+13
2236,8.30875E+13
2237,8.28546E+13
2238,8.26214E+13
2239,8.2388E+13
2240,8.21233E+13
2241,8.16724E+13
2242,8.119E+13
2243,8.07071E+13
2244,8.02237E+13
2245,7.98359E+13
2246,8.0024E+13
2247,8.03084E+13
2248,8.05929E+13
2249,8.08777E+13
2250,8.10127E+13
2251,8.02475E+13
2252,7.93314E+13
2253,7.84145E+13
2254,7.74968E+13
2255,7.66746E+13
2256,7.64306E+13
2257,7.62828E+13
2258,7.61348E+13
2259,7.59867E+13
2260,7.58952E+13
2261,7.6145E+13
2262,7.64518E+13
2263,7.67588E+13
2264,7.70661E+13
2265,7.72483E+13
2266,7.66781E+13
2267,7.5982E+13
2268,7.52853E+13
2269,7.45879E+13
2270,7.39556E+13
2271,7.37168E+13
2272,7.35435E+13
2273,7.337E+13
2274,7.31964E+13
2275,7.31141E+13
2276,7.35814E+13
2277,7.41406E+13
2278,7.47004E+13
2279,7.52606E+13
2280,7.56636E+13
2281,7.51201E+13
2282,7.44183E+13
2283,7.37158E+13
2284,7.30127E+13
2285,7.24037E+13
2286,7.23635E+13
2287,7.24182E+13
2288,7.24729E+13
2289,7.25276E+13
2290,7.25247E+13
2291,7.2176E+13
2292,7.17694E+13
2293,7.13623E+13
2294,7.09549E+13
2295,7.05326E+13
2296,7.00233E+13
2297,6.94991E+13
2298,6.89744E+13
2299,6.84493E+13
2300,6.80017E+13
2301,6.80226E+13
2302,6.81217E+13
2303,6.82208E+13
2304,6.83199E+13
2305,6.85467E+13
2306,6.95394E+13
2307,7.06606E+13
2308,7.17827E+13
2309,7.29057E+13
2310,7.37276E+13
2311,7.27364E+13
2312,7.14418E+13
2313,7.01461E+13
2314,6.88493E+13
2315,6.75397E+13
2316,6.6159E+13
2317,6.47654E+13
2318,6.33706E+13
2319,6.19746E+13
2320,6.08779E+13
2321,6.15843E+13
2322,6.25921E+13
2323,6.36008E+13
2324,6.46103E+13
2325,6.55154E+13
2326,6.57893E+13
2327,6.59581E+13
2328,6.6127E+13
2329,6.6296E+13
2330,6.64798E+13
2331,6.67517E+13
2332,6.70384E+13
2333,6.73254E+13
2334,6.76126E+13
2335,6.75123E+13
2336,6.5085E+13
2337,6.22675E+13
2338,5.94476E+13
2339,5.66253E+13
2340,5.43215E+13
2341,5.51427E+13
2342,5.64859E+13
2343,5.78302E+13
2344,5.91757E+13
2345,6.00651E+13
2346,5.82111E+13
2347,5.5898E+13
2348,5.35829E+13
2349,5.12658E+13
2350,4.94137E+13
2351,5.03632E+13
2352,5.17809E+13
2353,5.31998E+13
2354,5.46199E+13
2355,5.59493E+13
2356,5.67287E+13
2357,5.74168E+13
2358,5.81055E+13
2359,5.87948E+13
2360,5.93777E+13
2361,5.93198E+13
2362,5.91548E+13
2363,5.89896E+13
2364,5.88243E+13
2365,5.81293E+13
2366,5.42555E+13
2367,4.98485E+13
2368,4.54378E+13
2369,4.10233E+13
2370,3.7556E+13
2371,3.97935E+13
2372,4.29846E+13
2373,4.61784E+13
2374,4.93749E+13
2375,5.21289E+13
2376,5.22136E+13
2377,5.18529E+13
2378,5.14919E+13
2379,5.11306E+13
2380,5.04666E+13
2381,4.79872E+13
2382,4.52031E+13
2383,4.24167E+13
2384,3.96279E+13
2385,3.73767E+13
2386,3.83647E+13
2387,3.98939E+13
2388,4.14244E+13
2389,4.29562E+13
2390,4.4405E+13
2391,4.53498E+13
2392,4.62112E+13
2393,4.70733E+13
2394,4.7936E+13
2395,4.87995E+13
2396,4.96637E+13
2397,5.05286E+13
2398,5.13941E+13
2399,5.22604E+13
2400,5.27048E+13
2401,5.06129E+13
2402,4.80962E+13
2403,4.55774E+13
2404,4.30566E+13
2405,4.08572E+13
2406,4.05988E+13
2407,4.06641E+13
2408,4.07295E+13
2409,4.07949E+13
2410,4.06572E+13
2411,3.93004E+13
2412,3.77392E+13
2413,3.61767E+13
2414,3.46128E+13
2415,3.32238E+13
2416,3.28912E+13
2417,3.27346E+13
2418,3.25778E+13
2419,3.24209E+13
2420,3.2483E+13
2421,3.38606E+13
2422,3.54586E+13
2423,3.7058E+13
2424,3.86587E+13
2425,4.04284E+13
2426,4.32065E+13
2427,4.61548E+13
2428,4.91054E+13
2429,5.20585E+13
2430,5.37243E+13
2431,4.76495E+13
2432,4.0279E+13
2433,3.29023E+13
2434,2.55196E+13
2435,1.99224E+13
2436,2.50748E+13
2437,3.20246E+13
2438,3.89801E+13
2439,4.59412E+13
2440,5.13521E+13
2441,4.7428E+13
2442,4.19434E+13
2443,3.64544E+13
2444,3.09608E+13
2445,2.59332E+13
2446,2.37257E+13
2447,2.19872E+13
2448,2.02473E+13
2449,1.8506E+13
2450,1.73272E+13
2451,1.95323E+13
2452,2.23035E+13
2453,2.5077E+13
2454,2.78528E+13
2455,3.05474E+13
2456,3.27438E+13
2457,3.48585E+13
2458,3.6975E+13
2459,3.90931E+13
2460,4.06653E+13
2461,3.89516E+13
2462,3.66883E+13
2463,3.44232E+13
2464,3.21563E+13
2465,2.99433E+13
2466,2.80634E+13
2467,2.62379E+13
2468,2.44109E+13
2469,2.25824E+13
2470,2.0973E+13
2471,2.06862E+13
2472,2.062E+13
2473,2.05537E+13
2474,2.04873E+13
2475,2.01687E+13
2476,1.83364E+13
2477,1.62502E+13
2478,1.41623E+13
2479,1.20728E+13
2480,1.01687E+13
2481,9.38641E+12
2482,8.79082E+12
2483,8.19474E+12
2484,7.59819E+12
2485,7.01052E+12
2486,6.47867E+12
2487,5.95577E+12
2488,5.43244E+12
2489,4.90869E+12
2490,4.4315E+12
2491,4.2359E+12
2492,4.08715E+12
2493,3.93828E+12
2494,3.78929E+12
2495,3.78767E+12
2496,4.67135E+12
2497,5.70334E+12
2498,6.73615E+12
2499,7.7698E+12
2500,8.5024E+12
2501,7.4237E+12
2502,6.04204E+12
2503,4.65927E+12
2504,3.27539E+12
2505,2.08574E+12
2506,2.06766E+12
2507,2.24507E+12
2508,2.42261E+12
2509,2.6003E+12
2510,2.70235E+12
2511,2.34971E+12
2512,1.92096E+12
2513,1.49186E+12
2514,1.06243E+12
2515,6.83261E+11
2516,6.07585E+11
2517,5.825E+11
2518,5.57395E+11
2519,5.3227E+11
2520,4.97617E+11
2521,4.05861E+11
2522,3.04517E+11
2523,2.03092E+11
2524,1.01586E+11
2525,12703291008
2526,0
2527,0
2528,0
2529,0
2530,0
2531,0
2532,0
2533,0
2534,0
2535,0
2536,0
2537,0
2538,0
2539,0
2540,0
2541,0
2542,0
2543,0
2544,0
2545,0
2546,0
2547,0
2548,0
2549,0
2550,0
2551,0
2552,0
2553,0
2554,0
2555,0
2556,0
2557,0
2558,0
2559,0
2560,0
2561,0
2562,0
2563,0
2564,0
2565,0
2566,0
2567,0
2568,0
2569,0
2570,0
2571,0
2572,0
2573,0
2574,0
2575,0
2576,0
2577,0
2578,0
2579,0
2580,0
2581,0
2582,0
2583,0
2584,0
2585,0
2586,0
2587,0
2588,0
2589,0
2590,0
2591,0
2592,0
2593,0
2594,0
2595,0
2596,0
2597,0
2598,0
2599,0
2600,0
2601,0
2602,0
2603,0
2604,0
2605,0
2606,0
2607,0
2608,0
2609,0
2610,0
2611,0
2612,0
2613,0
2614,0
2615,0
2616,0
2617,0
2618,0
2619,0
2620,0
2621,0
2622,0
2623,0
2624,0
2625,0
2626,0
2627,0
2628,0
2629,0
2630,0
2631,0
2632,0
2633,0
2634,0
2635,0
2636,0
2637,0
2638,0
2639,0
2640,0
2641,0
2642,0
2643,0
2644,0
2645,0
2646,0
2647,0
2648,0
2649,0
2650,0
2651,0
2652,0
2653,0
2654,0
2655,0
2656,0
2657,0
2658,0
2659,0
2660,0
2661,0
2662,0
2663,0
2664,0
2665,0
2666,0
2667,0
2668,0
2669,0
2670,0
2671,0
2672,0
2673,0
2674,0
2675,0
2676,0
2677,0
2678,0
2679,0
2680,0
2681,0
2682,0
2683,0
2684,0
2685,0
2686,0
2687,0
2688,0
2689,0
2690,0
2691,0
2692,0
2693,0
2694,0
2695,0
2696,0
2697,0
2698,0
2699,0
2700,0
2701,0
2702,0
2703,0
2704,0
2705,0
2706,0
2707,0
2708,0
2709,0
2710,0
2711,0
2712,0
2713,0
2714,0
2715,0
2716,0
2717,0
2718,0
2719,0
2720,0
2721,0
2722,0
2723,0
2724,0
2725,0
2726,0
2727,0
2728,0
2729,0
2730,0
2731,0
2732,0
2733,0
2734,0
2735,0
2736,0
2737,0
2738,0
2739,0
2740,0
2741,0
2742,0
2743,0
2744,0
2745,0
2746,0
2747,0
2748,0
2749,0
2750,0
2751,0
2752,0
2753,0
2754,0
2755,0
2756,0
2757,0
2758,0
2759,0
2760,0
2761,0
2762,0
2763,0
2764,0
2765,0
2766,0
2767,0
2768,0
2769,0
2770,0
2771,0
2772,0
2773,0
2774,0
2775,0
2776,0
2777,0
2778,0
2779,0
2780,0
2781,0
2782,0
2783,0
2784,0
2785,0
2786,0
2787,0
2788,0
2789,0
2790,0
2791,0
2792,0
2793,0
2794,0
2795,0
2796,0
2797,0
2798,0
2799,0
2800,0
2801,0
2802,0
2803,0
2804,0
2805,0
2806,0
2807,0
2808,0
2809,0
2810,0
2811,0
2812,0
2813,0
2814,0
2815,0
2816,0
2817,0
2818,0
2819,0
2820,0
2821,0
2822,0
2823,0
2824,0
2825,0
2826,0
2827,0
2828,0
2829,0
2830,0
2831,0
2832,0
2833,0
2834,0
2835,0
2836,0
2837,0
2838,0
2839,0
2840,0
2841,0
2842,0
2843,0
2844,0
2845,0
2846,0
2847,0
2848,0
2849,0
2850,0
2851,0
2852,0
2853,0
2854,0
2855,0
2856,0
2857,0
2858,0
2859,0
2860,7194338944
2861,57574833024
2862,1.1519E+11
2863,1.72845E+11
2864,2.30541E+11
2865,2.73863E+11
2866,2.30702E+11
2867,1.73087E+11
2868,1.15431E+11
2869,57735825984
2870,21658481024
2871,1.15552E+11
2872,2.31185E+11
2873,3.46898E+11
2874,4.62692E+11
2875,5.56869E+11
2876,5.2089E+11
2877,4.63175E+11
2878,4.05419E+11
2879,3.47622E+11
2880,3.07898E+11
2881,3.76853E+11
2882,4.6398E+11
2883,5.51167E+11
2884,6.38415E+11
2885,7.03951E+11
2886,6.38857E+11
2887,5.51932E+11
2888,4.64945E+11
2889,3.77899E+11
2890,3.92569E+11
2891,1.01812E+12
2892,1.74596E+12
2893,2.4743E+12
2894,3.20314E+12
2895,3.77227E+12
2896,3.38019E+12
2897,2.82752E+12
2898,2.27446E+12
2899,1.72102E+12
2900,1.21096E+12
2901,9.63267E+11
2902,7.59199E+11
2903,5.5499E+11
2904,3.50641E+11
2905,2.66725E+11
2906,9.06446E+11
2907,1.66727E+12
2908,2.42861E+12
2909,3.19047E+12
2910,3.80646E+12
2911,3.54415E+12
2912,3.13516E+12
2913,2.72589E+12
2914,2.31634E+12
2915,2.01649E+12
2916,2.37661E+12
2917,2.84704E+12
2918,3.31779E+12
2919,3.78886E+12
2920,4.13539E+12
2921,3.73267E+12
2922,3.20473E+12
2923,2.67642E+12
2924,2.14776E+12
2925,1.86154E+12
2926,3.03247E+12
2927,4.44718E+12
2928,5.86285E+12
2929,7.27949E+12
2930,8.54232E+12
2931,8.87702E+12
2932,9.05706E+12
2933,9.23722E+12
2934,9.4175E+12
2935,9.39487E+12
2936,8.15361E+12
2937,6.70833E+12
2938,5.26207E+12
2939,3.81482E+12
2940,2.54038E+12
2941,2.30821E+12
2942,2.24979E+12
2943,2.19133E+12
2944,2.13282E+12
2945,2.22245E+12
2946,3.20141E+12
2947,4.3293E+12
2948,5.45796E+12
2949,6.58738E+12
2950,7.46897E+12
2951,6.85908E+12
2952,6.00002E+12
2953,5.14037E+12
2954,4.28014E+12
2955,3.61259E+12
2956,4.10458E+12
2957,4.79029E+12
2958,5.47647E+12
2959,6.16311E+12
2960,6.86883E+12
2961,7.68675E+12
2962,8.52385E+12
2963,9.36152E+12
2964,1.01997E+13
2965,1.06731E+13
2966,8.95318E+12
2967,6.86642E+12
2968,4.77825E+12
2969,2.68867E+12
2970,8.77848E+11
2971,7.47356E+11
2972,8.97129E+11
2973,1.047E+12
2974,1.19698E+12
2975,1.34331E+12
2976,1.46728E+12
2977,1.58759E+12
2978,1.70799E+12
2979,1.82846E+12
2980,2.14391E+12
2981,3.62938E+12
2982,5.31087E+12
2983,6.99349E+12
2984,8.67724E+12
2985,1.02795E+13
2986,1.13871E+13
2987,1.24128E+13
2988,1.34392E+13
2989,1.44662E+13
2990,1.51405E+13
2991,1.36934E+13
2992,1.18917E+13
2993,1.00887E+13
2994,8.28456E+12
2995,6.83704E+12
2996,7.53645E+12
2997,8.59442E+12
2998,9.65309E+12
2999,1.07125E+13
3000,1.14556E+13
3001,1.02969E+13
3002,8.8202E+12
3003,7.34254E+12
3004,5.8639E+12
3005,4.71687E+12
3006,5.56534E+12
3007,6.74719E+12
3008,7.92983E+12
3009,9.11325E+12
3010,1.01006E+13
3011,9.90703E+12
3012,9.51633E+12
3013,9.12537E+12
3014,8.73415E+12
3015,8.20615E+12
3016,6.85843E+12
3017,5.37321E+12
3018,3.887E+12
3019,2.3998E+12
3020,1.35983E+12
3021,3.00934E+12
3022,5.10844E+12
3023,7.20894E+12
3024,9.31082E+12
3025,1.10983E+13
3026,1.09916E+13
3027,1.05688E+13
3028,1.01458E+13
3029,9.72243E+12
3030,9.21497E+12
3031,8.20395E+12
3032,7.10837E+12
3033,6.01206E+12
3034,4.91503E+12
3035,3.93561E+12
3036,3.66579E+12
3037,3.51421E+12
3038,3.36252E+12
3039,3.21074E+12
3040,3.16209E+12
3041,3.73303E+12
3042,4.40764E+12
3043,5.0827E+12
3044,5.75821E+12
3045,6.22734E+12
3046,5.4555E+12
3047,4.47621E+12
3048,3.49627E+12
3049,2.51568E+12
3050,1.63036E+12
3051,1.32007E+12
3052,1.10553E+12
3053,8.9086E+11
3054,6.76046E+11
3055,7.18535E+11
3056,2.30621E+12
3057,4.15254E+12
3058,6.00008E+12
3059,7.84882E+12
3060,9.33699E+12
3061,8.65475E+12
3062,7.61004E+12
3063,6.56465E+12
3064,5.51857E+12
3065,4.55662E+12
3066,4.10307E+12
3067,3.73408E+12
3068,3.36486E+12
3069,2.99539E+12
3070,2.83805E+12
3071,3.95526E+12
3072,5.2857E+12
3073,6.617E+12
3074,7.94917E+12
3075,9.02308E+12
3076,8.54241E+12
3077,7.80212E+12
3078,7.06136E+12
3079,6.32011E+12
3080,5.60162E+12
3081,5.02217E+12
3082,4.4656E+12
3083,3.90867E+12
3084,3.35137E+12
3085,2.88684E+12
3086,2.98093E+12
3087,3.16827E+12
3088,3.35572E+12
3089,3.5433E+12
3090,3.64161E+12
3091,3.20347E+12
3092,2.67561E+12
3093,2.1474E+12
3094,1.61886E+12
3095,1.30018E+12
3096,2.24294E+12
3097,3.39666E+12
3098,4.55113E+12
3099,5.70634E+12
3100,6.58156E+12
3101,5.77243E+12
3102,4.68185E+12
3103,3.59058E+12
3104,2.4986E+12
3105,1.5387E+12
3106,1.37511E+12
3107,1.34429E+12
3108,1.31345E+12
3109,1.28259E+12
3110,1.3143E+12
3111,1.72166E+12
3112,2.19191E+12
3113,2.66246E+12
3114,3.13331E+12
3115,3.83954E+12
3116,5.95711E+12
3117,8.31127E+12
3118,1.06669E+13
3119,1.30241E+13
3120,1.48216E+13
3121,1.32523E+13
3122,1.11204E+13
3123,8.98717E+12
3124,6.85255E+12
3125,5.08996E+12
3126,5.56733E+12
3127,6.41864E+12
3128,7.27049E+12
3129,8.12288E+12
3130,9.09392E+12
3131,1.07744E+13
3132,1.25742E+13
3133,1.43751E+13
3134,1.61771E+13
3135,1.74362E+13
3136,1.54301E+13
3137,1.28783E+13
3138,1.03249E+13
3139,7.76983E+12
3140,5.52908E+12
3141,5.18318E+12
3142,5.15322E+12
3143,5.12323E+12
3144,5.09323E+12
3145,5.20561E+12
3146,6.17274E+12
3147,7.28299E+12
3148,8.39393E+12
3149,9.50558E+12
3150,1.04357E+13
3151,1.02725E+13
3152,9.92694E+12
3153,9.58111E+12
3154,9.23506E+12
3155,9.07529E+12
3156,1.00348E+13
3157,1.11816E+13
3158,1.2329E+13
3159,1.34772E+13
3160,1.46738E+13
3161,1.61575E+13
3162,1.76897E+13
3163,1.9223E+13
3164,2.07572E+13
3165,2.20416E+13
3166,2.18216E+13
3167,2.13505E+13
3168,2.08791E+13
3169,2.04074E+13
3170,1.98636E+13
3171,1.88887E+13
3172,1.78414E+13
3173,1.67935E+13
3174,1.57449E+13
3175,1.48833E+13
3176,1.51476E+13
3177,1.55999E+13
3178,1.60525E+13
3179,1.65054E+13
3180,1.68025E+13
3181,1.61637E+13
3182,1.53683E+13
3183,1.45725E+13
3184,1.37761E+13
3185,1.29232E+13
3186,1.17331E+13
3187,1.04861E+13
3188,9.23838E+12
3189,7.98985E+12
3190,6.83684E+12
3191,6.26104E+12
3192,5.78123E+12
3193,5.30112E+12
3194,4.82071E+12
3195,4.30785E+12
3196,3.60172E+12
3197,2.86297E+12
3198,2.12377E+12
3199,1.3841E+12
3200,7.32514E+11
3201,6.11962E+11
3202,5.79934E+11
3203,5.47887E+11
3204,5.15819E+11
3205,4.797E+11
3206,4.19365E+11
3207,3.54958E+11
3208,2.9051E+11
3209,2.26023E+11
3210,1.8572E+11
3211,2.90782E+11
3212,4.20149E+11
3213,5.49597E+11
3214,6.79125E+11
3215,8.3704E+11
3216,1.16494E+12
3217,1.52137E+12
3218,1.87801E+12
3219,2.23488E+12
3220,2.49073E+12
3221,2.13904E+12
3222,1.68583E+12
3223,1.23233E+12
3224,7.78558E+11
3225,3.85344E+11
3226,3.57061E+11
3227,3.89641E+11
3228,4.22242E+11
3229,4.54863E+11
3230,7.6782E+11
3231,2.76338E+12
3232,5.04067E+12
3233,7.31936E+12
3234,9.59946E+12
3235,1.14497E+13
3236,1.07125E+13
3237,9.54322E+12
3238,8.37326E+12
3239,7.20258E+12
3240,6.05562E+12
3241,5.0547E+12
3242,4.07763E+12
3243,3.09996E+12
3244,2.12168E+12
3245,1.34278E+12
3246,1.76371E+12
3247,2.38501E+12
3248,3.00669E+12
3249,3.62875E+12
3250,4.47194E+12
3251,6.64046E+12
3252,9.03118E+12
3253,1.14234E+13
3254,1.3817E+13
3255,1.55571E+13
3256,1.33669E+13
3257,1.05198E+13
3258,7.671E+12
3259,4.82044E+12
3260,2.37406E+12
3261,2.36248E+12
3262,2.75707E+12
3263,3.15191E+12
3264,3.54698E+12
3265,3.84374E+12
3266,3.54915E+12
3267,3.15577E+12
3268,2.76214E+12
3269,2.36828E+12
3270,2.21682E+12
3271,3.52167E+12
3272,5.07013E+12
3273,6.61953E+12
3274,8.16987E+12
3275,9.40399E+12
3276,8.73524E+12
3277,7.74871E+12
3278,6.76157E+12
3279,5.77383E+12
3280,5.24754E+12
3281,7.49406E+12
3282,1.02043E+13
3283,1.29161E+13
3284,1.56296E+13
3285,1.79068E+13
3286,1.75569E+13
3287,1.67684E+13
3288,1.59795E+13
3289,1.51901E+13
3290,1.41892E+13
3291,1.19211E+13
3292,9.44038E+12
3293,6.95818E+12
3294,4.47448E+12
3295,2.32495E+12
3296,2.18885E+12
3297,2.38856E+12
3298,2.58839E+12
3299,2.78834E+12
3300,3.05068E+12
3301,3.68683E+12
3302,4.38567E+12
3303,5.08493E+12
3304,5.78461E+12
3305,6.39742E+12
3306,6.48668E+12
3307,6.48864E+12
3308,6.4906E+12
3309,6.49256E+12
3310,6.33216E+12
3311,5.19719E+12
3312,3.89907E+12
3313,2.60016E+12
3314,1.30047E+12
3315,1.66778E+11
3316,33365632000
3317,66751388992
3318,1.00157E+11
3319,1.33583E+11
3320,3.04829E+11
3321,1.30322E+12
3322,2.4401E+12
3323,3.57766E+12
3324,4.7159E+12
3325,5.75865E+12
3326,6.22472E+12
3327,6.59483E+12
3328,6.96517E+12
3329,7.33572E+12
3330,7.84471E+12
3331,9.18354E+12
3332,1.06615E+13
3333,1.21403E+13
3334,1.362E+13
3335,1.46853E+13
3336,1.32589E+13
3337,1.14162E+13
3338,9.57229E+12
3339,7.72732E+12
3340,6.1123E+12
3341,5.88301E+12
3342,5.88477E+12
3343,5.88653E+12
3344,5.88829E+12
3345,6.07937E+12
3346,7.40685E+12
3347,8.92455E+12
3348,1.04432E+13
3349,1.19627E+13
3350,1.31081E+13
3351,1.20035E+13
3352,1.05231E+13
3353,9.04176E+12
3354,7.55955E+12
3355,6.32963E+12
3356,6.61855E+12
3357,7.16097E+12
3358,7.70372E+12
3359,8.24678E+12
3360,8.80708E+12
3361,9.46916E+12
3362,1.01485E+13
3363,1.08283E+13
3364,1.15085E+13
3365,1.19648E+13
3366,1.10751E+13
3367,9.96037E+12
3368,8.84499E+12
3369,7.72895E+12
3370,6.94286E+12
3371,8.14057E+12
3372,9.66979E+12
3373,1.11999E+13
3374,1.2731E+13
3375,1.39318E+13
3376,1.31461E+13
3377,1.20287E+13
3378,1.09106E+13
3379,9.79187E+12
3380,8.91477E+12
3381,9.49149E+12
3382,1.0311E+13
3383,1.1131E+13
3384,1.19515E+13
3385,1.27682E+13
3386,1.35598E+13
3387,1.43477E+13
3388,1.5136E+13
3389,1.59248E+13
3390,1.66032E+13
3391,1.66166E+13
3392,1.65191E+13
3393,1.64215E+13
3394,1.63239E+13
3395,1.63672E+13
3396,1.72561E+13
3397,1.82867E+13
3398,1.93178E+13
3399,2.03495E+13
3400,2.09071E+13
3401,1.86162E+13
3402,1.58489E+13
3403,1.30801E+13
3404,1.03096E+13
3405,7.99998E+12
3406,8.46499E+12
3407,9.39307E+12
3408,1.03217E+13
3409,1.12509E+13
3410,1.20733E+13
3411,1.22528E+13
3412,1.2325E+13
3413,1.23973E+13
3414,1.24697E+13
3415,1.27826E+13
3416,1.45393E+13
3417,1.65377E+13
3418,1.85373E+13
3419,2.0538E+13
3420,2.21571E+13
3421,2.14794E+13
3422,2.04183E+13
3423,1.93566E+13
3424,1.82942E+13
3425,1.73087E+13
3426,1.67881E+13
3427,1.63447E+13
3428,1.59011E+13
3429,1.54572E+13
3430,1.51899E+13
3431,1.5984E+13
3432,1.69556E+13
3433,1.79278E+13
3434,1.89005E+13
3435,1.96015E+13
3436,1.86695E+13
3437,1.74645E+13
3438,1.62588E+13
3439,1.50524E+13
3440,1.41395E+13
3441,1.49919E+13
3442,1.61392E+13
3443,1.72871E+13
3444,1.84357E+13
3445,1.94333E+13
3446,1.95213E+13
3447,1.94576E+13
3448,1.93938E+13
3449,1.93301E+13
3450,1.91534E+13
3451,1.82996E+13
3452,1.73323E+13
3453,1.63645E+13
3454,1.53961E+13
3455,1.47314E+13
3456,1.58919E+13
3457,1.73574E+13
3458,1.88238E+13
3459,2.0291E+13
3460,2.14588E+13
3461,2.08251E+13
3462,1.98906E+13
3463,1.89555E+13
3464,1.80199E+13
3465,1.73061E+13
3466,1.79257E+13
3467,1.87681E+13
3468,1.9611E+13
3469,2.04544E+13
3470,2.11368E+13
3471,2.08504E+13
3472,2.04022E+13
3473,1.99538E+13
3474,1.95051E+13
3475,1.91261E+13
3476,1.91666E+13
3477,1.92771E+13
3478,1.93876E+13
3479,1.94982E+13
3480,1.96351E+13
3481,1.99297E+13
3482,2.02508E+13
3483,2.0572E+13
3484,2.08934E+13
3485,2.1101E+13
3486,2.06248E+13
3487,2.00342E+13
3488,1.94433E+13
3489,1.88521E+13
3490,1.84142E+13
3491,1.8898E+13
3492,1.95359E+13
3493,2.01742E+13
3494,2.08127E+13
3495,2.13594E+13
3496,2.13523E+13
3497,2.12529E+13
3498,2.11533E+13
3499,2.10538E+13
3500,2.09629E+13
3501,2.09249E+13
3502,2.08956E+13
3503,2.08664E+13
3504,2.08371E+13
3505,2.08166E+13
3506,2.0849E+13
3507,2.08902E+13
3508,2.09314E+13
3509,2.09727E+13
3510,2.09919E+13
3511,2.08787E+13
3512,2.07433E+13
3513,2.06078E+13
3514,2.04722E+13
3515,2.03808E+13
3516,2.05546E+13
3517,2.07728E+13
3518,2.09911E+13
3519,2.12095E+13
3520,2.13705E+13
3521,2.11862E+13
3522,2.09441E+13
3523,2.07019E+13
3524,2.04596E+13
3525,2.02348E+13
3526,2.01164E+13
3527,2.00156E+13
3528,1.99148E+13
3529,1.98139E+13
3530,1.96508E+13
3531,1.91146E+13
3532,1.85158E+13
3533,1.79167E+13
3534,1.73173E+13
3535,1.67753E+13
3536,1.65799E+13
3537,1.64423E+13
3538,1.63045E+13
3539,1.61667E+13
3540,1.60689E+13
3541,1.62115E+13
3542,1.63942E+13
3543,1.65771E+13
3544,1.67601E+13
3545,1.69655E+13
3546,1.73047E+13
3547,1.76665E+13
3548,1.80285E+13
3549,1.83907E+13
3550,1.86414E+13
3551,1.82224E+13
3552,1.76914E+13
3553,1.71602E+13
3554,1.66286E+13
3555,1.62443E+13
3556,1.67453E+13
3557,1.73942E+13
3558,1.80435E+13
3559,1.86932E+13
3560,1.92626E+13
3561,1.93486E+13
3562,1.93541E+13
3563,1.93595E+13
3564,1.93649E+13
3565,1.92583E+13
3566,1.84788E+13
3567,1.75867E+13
3568,1.66941E+13
3569,1.5801E+13
3570,1.50331E+13
3571,1.50193E+13
3572,1.51314E+13
3573,1.52435E+13
3574,1.53556E+13
3575,1.55263E+13
3576,1.60479E+13
3577,1.66282E+13
3578,1.72089E+13
3579,1.77899E+13
3580,1.82496E+13
3581,1.798E+13
3582,1.75886E+13
3583,1.71969E+13
3584,1.6805E+13
3585,1.6476E+13
3586,1.65257E+13
3587,1.66386E+13
3588,1.67516E+13
3589,1.68646E+13
3590,1.69731E+13
3591,1.70546E+13
3592,1.71317E+13
3593,1.72087E+13
3594,1.72859E+13
3595,1.73811E+13
3596,1.75849E+13
3597,1.7807E+13
3598,1.80292E+13
3599,1.82514E+13
3600,1.84512E+13
3601,1.85152E+13
3602,1.85566E+13
3603,1.8598E+13
3604,1.86394E+13
3605,1.86401E+13
3606,1.83958E+13
3607,1.81105E+13
3608,1.78251E+13
3609,1.75396E+13
3610,1.72856E+13
3611,1.72223E+13
3612,1.71907E+13
3613,1.71591E+13
3614,1.71275E+13
3615,1.72004E+13
3616,1.7901E+13
3617,1.87067E+13
3618,1.95127E+13
3619,2.03192E+13
3620,2.09623E+13
3621,2.0622E+13
3622,2.01174E+13
3623,1.96126E+13
3624,1.91075E+13
3625,1.86523E+13
3626,1.84978E+13
3627,1.83934E+13
3628,1.8289E+13
3629,1.81845E+13
3630,1.81119E+13
3631,1.8231E+13
3632,1.83822E+13
3633,1.85335E+13
3634,1.86849E+13
3635,1.88683E+13
3636,1.9244E+13
3637,1.96518E+13
3638,2.00599E+13
3639,2.04682E+13
3640,2.07897E+13
3641,2.05893E+13
3642,2.03018E+13
3643,2.00141E+13
3644,1.97263E+13
3645,1.94521E+13
3646,1.92602E+13
3647,1.9082E+13
3648,1.89037E+13
3649,1.87253E+13
3650,1.86065E+13
3651,1.88458E+13
3652,1.91449E+13
3653,1.94442E+13
3654,1.97437E+13
3655,2.00065E+13
3656,2.00488E+13
3657,2.00542E+13
3658,2.00597E+13
3659,2.00652E+13
3660,2.00385E+13
3661,1.98183E+13
3662,1.95658E+13
3663,1.93131E+13
3664,1.90603E+13
3665,1.87337E+13
3666,1.79641E+13
3667,1.71204E+13
3668,1.62762E+13
3669,1.54315E+13
3670,1.45495E+13
3671,1.34453E+13
3672,1.23036E+13
3673,1.11612E+13
3674,1.00183E+13
3675,9.17976E+12
3676,1.01717E+13
3677,1.14694E+13
3678,1.27678E+13
3679,1.40669E+13
3680,1.52556E+13
3681,1.57783E+13
3682,1.61901E+13
3683,1.66022E+13
3684,1.70144E+13
3685,1.73898E+13
3686,1.75429E+13
3687,1.7659E+13
3688,1.77751E+13
3689,1.78912E+13
3690,1.80121E+13
3691,1.81609E+13
3692,1.83144E+13
3693,1.8468E+13
3694,1.86217E+13
3695,1.87894E+13
3696,1.90409E+13
3697,1.93064E+13
3698,1.95721E+13
3699,1.98379E+13
3700,2.00667E+13
3701,2.00721E+13
3702,2.00403E+13
3703,2.00084E+13
3704,1.99766E+13
3705,1.98841E+13
3706,1.9428E+13
3707,1.8911E+13
3708,1.83938E+13
3709,1.78763E+13
3710,1.74191E+13
3711,1.73258E+13
3712,1.72931E+13
3713,1.72604E+13
3714,1.72277E+13
3715,1.7251E+13
3716,1.76109E+13
3717,1.8027E+13
3718,1.84434E+13
3719,1.886E+13
3720,1.92441E+13
3721,1.94317E+13
3722,1.95868E+13
3723,1.97419E+13
3724,1.98971E+13
3725,1.99633E+13
3726,1.94953E+13
3727,1.89381E+13
3728,1.83805E+13
3729,1.78226E+13
3730,1.73066E+13
3731,1.70438E+13
3732,1.6823E+13
3733,1.66022E+13
3734,1.63812E+13
3735,1.61977E+13
3736,1.62396E+13
3737,1.63192E+13
3738,1.63987E+13
3739,1.64784E+13
3740,1.66192E+13
3741,1.71271E+13
3742,1.76965E+13
3743,1.82661E+13
3744,1.88361E+13
3745,1.92886E+13
3746,1.90346E+13
3747,1.86627E+13
3748,1.82905E+13
3749,1.79182E+13
3750,1.75786E+13
3751,1.74371E+13
3752,1.73285E+13
3753,1.72198E+13
3754,1.71111E+13
3755,1.7007E+13
3756,1.69312E+13
3757,1.68601E+13
3758,1.6789E+13
3759,1.67178E+13
3760,1.66419E+13
3761,1.65375E+13
3762,1.64283E+13
3763,1.63191E+13
3764,1.62098E+13
3765,1.61431E+13
3766,1.63321E+13
3767,1.65639E+13
3768,1.67958E+13
3769,1.70278E+13
3770,1.72267E+13
3771,1.72265E+13
3772,1.71931E+13
3773,1.71597E+13
3774,1.71263E+13
3775,1.71213E+13
3776,1.72873E+13
3777,1.74819E+13
3778,1.76766E+13
3779,1.78714E+13
3780,1.80093E+13
3781,1.78048E+13
3782,1.75431E+13
3783,1.72813E+13
3784,1.70194E+13
3785,1.67382E+13
3786,1.63427E+13
3787,1.59278E+13
3788,1.55128E+13
3789,1.50975E+13
3790,1.47869E+13
3791,1.51055E+13
3792,1.55291E+13
3793,1.59531E+13
3794,1.63772E+13
3795,1.67968E+13
3796,1.71879E+13
3797,1.75745E+13
3798,1.79613E+13
3799,1.83483E+13
3800,1.86638E+13
3801,1.85492E+13
3802,1.83628E+13
3803,1.81763E+13
3804,1.79897E+13
3805,1.77743E+13
3806,1.73864E+13
3807,1.69696E+13
3808,1.65526E+13
3809,1.61353E+13
3810,1.57466E+13
3811,1.55303E+13
3812,1.53426E+13
3813,1.51547E+13
3814,1.49668E+13
3815,1.4894E+13
3816,1.55122E+13
3817,1.6246E+13
3818,1.69802E+13
3819,1.77148E+13
3820,1.83536E+13
3821,1.84161E+13
3822,1.83825E+13
3823,1.83488E+13
3824,1.83151E+13
3825,1.8291E+13
3826,1.83247E+13
3827,1.8368E+13
3828,1.84113E+13
3829,1.84546E+13
3830,1.84017E+13
3831,1.77704E+13
3832,1.70425E+13
3833,1.63141E+13
3834,1.55854E+13
3835,1.50058E+13
3836,1.53234E+13
3837,1.57906E+13
3838,1.62582E+13
3839,1.6726E+13
3840,1.71312E+13
3841,1.71598E+13
3842,1.71256E+13
3843,1.70914E+13
3844,1.70572E+13
3845,1.70277E+13
3846,1.70273E+13
3847,1.70318E+13
3848,1.70362E+13
3849,1.70406E+13
3850,1.70305E+13
3851,1.69332E+13
3852,1.68213E+13
3853,1.67094E+13
3854,1.65974E+13
3855,1.64757E+13
3856,1.62956E+13
3857,1.61058E+13
3858,1.59159E+13
3859,1.57259E+13
3860,1.55649E+13
3861,1.55786E+13
3862,1.56215E+13
3863,1.56644E+13
3864,1.57074E+13
3865,1.57066E+13
3866,1.54432E+13
3867,1.51359E+13
3868,1.48285E+13
3869,1.45209E+13
3870,1.42228E+13
3871,1.39831E+13
3872,1.37529E+13
3873,1.35227E+13
3874,1.32923E+13
3875,1.30812E+13
3876,1.29871E+13
3877,1.29124E+13
3878,1.28377E+13
3879,1.2763E+13
3880,1.27126E+13
3881,1.28086E+13
3882,1.29291E+13
3883,1.30496E+13
3884,1.31702E+13
3885,1.32811E+13
3886,1.33334E+13
3887,1.3376E+13
3888,1.34185E+13
3889,1.34611E+13
3890,1.35282E+13
3891,1.37421E+13
3892,1.39806E+13
3893,1.42192E+13
3894,1.4458E+13
3895,1.4687E+13
3896,1.48574E+13
3897,1.50181E+13
3898,1.51788E+13
3899,1.53396E+13
3900,1.54809E+13
3901,1.55045E+13
3902,1.55085E+13
3903,1.55125E+13
3904,1.55164E+13
3905,1.54811E+13
3906,1.521E+13
3907,1.48994E+13
3908,1.45886E+13
3909,1.42777E+13
3910,1.4001E+13
3911,1.39308E+13
3912,1.3895E+13
3913,1.38592E+13
3914,1.38233E+13
3915,1.37875E+13
3916,1.37516E+13
3917,1.37157E+13
3918,1.36798E+13
3919,1.36438E+13
3920,1.36079E+13
3921,1.35719E+13
3922,1.35359E+13
3923,1.34999E+13
3924,1.34638E+13
3925,1.34426E+13
3926,1.35102E+13
3927,1.35927E+13
3928,1.36752E+13
3929,1.37577E+13
3930,1.38452E+13
3931,1.39625E+13
3932,1.40847E+13
3933,1.4207E+13
3934,1.43294E+13
3935,1.44419E+13
3936,1.44951E+13
3937,1.45384E+13
3938,1.45817E+13
3939,1.4625E+13
3940,1.46684E+13
3941,1.47118E+13
3942,1.47552E+13
3943,1.47986E+13
3944,1.4842E+13
3945,1.48855E+13
3946,1.4929E+13
3947,1.49725E+13
3948,1.5016E+13
3949,1.50595E+13
3950,1.51031E+13
3951,1.51467E+13
3952,1.51903E+13
3953,1.52339E+13
3954,1.52775E+13
3955,1.53162E+13
3956,1.5325E+13
3957,1.53289E+13
3958,1.53328E+13
3959,1.53367E+13
3960,1.53455E+13
3961,1.53843E+13
3962,1.5428E+13
3963,1.54718E+13
3964,1.55156E+13
3965,1.55494E+13
3966,1.55234E+13
3967,1.54874E+13
3968,1.54514E+13
3969,1.54153E+13
3970,1.53743E+13
3971,1.53032E+13
3972,1.52272E+13
3973,1.5151E+13
3974,1.50749E+13
3975,1.50037E+13
3976,1.49625E+13
3977,1.49262E+13
3978,1.48899E+13
3979,1.48536E+13
3980,1.48223E+13
3981,1.4821E+13
3982,1.48248E+13
3983,1.48285E+13
3984,1.48322E+13
3985,1.48359E+13
3986,1.48397E+13
3987,1.48434E+13
3988,1.48471E+13
3989,1.48508E+13
3990,1.48445E+13
3991,1.4778E+13
3992,1.47013E+13
3993,1.46247E+13
3994,1.45479E+13
3995,1.44762E+13
3996,1.44346E+13
3997,1.4398E+13
3998,1.43614E+13
3999,7.16236E+12
